<project name="sifarish_for_storm" default="uber-jar" basedir=".">
<target name="uber-jar">
    <echo>Packaging sifarish into a single uber JAR</echo>
	<jar destfile="uber-sifarish-1.0.jar">
		<zipgroupfileset dir="/home/pranab/Projects/lib" 
			includes="commons-pool-1.5.5.jar,guava-12.0.jar,jackson-core-asl-1.5.2.jar,jackson-mapper-asl-1.5.2.jar,lucene-core-3.5.0.jar,commons-lang3-3.1.jar" /> 
		<zipgroupfileset dir="/home/pranab/Projects/sifarish/target" 
			includes="sifarish-1.0.jar, " /> 
		<zipgroupfileset dir="/home/pranab/Projects/chombo/target" 
			includes="chombo-1.0.jar, " /> 
		<zipgroupfileset dir="/home/pranab/Projects/hoidla/target" 
			includes="hoidla-1.0.jar, " /> 
	</jar>
</target>
</project>
